[{"id":"2","code":"menu.role","uri":"/roles","icon":"fa fa-user-circle-o","comment":"角色管理","has":false,"type":"ROLE","owner":null,"subMenus":[]},{"id":"3","code":"menu.404","uri":"/error/404","icon":"fa fa-user-circle-o","comment":"404页面","has":false,"type":"ROLE","owner":null,"subMenus":[]},{"id":"4","code":"menu.401","uri":"/error/401","icon":"fa fa-user-circle-o","comment":"401页面","has":false,"type":"ROLE","owner":null,"subMenus":[]},{"id":"5","code":"menu.subsystem","uri":"/subsystem","icon":"fa fa-user-circle-o","comment":"子系统列表","has":false,"type":"ROLE","owner":null,"subMenus":[]},{"id":"6","code":"menu.examples","uri":"/examples","icon":"el-icon-menu","comment":"范例","has":false,"type":"ROLE","owner":null,"subMenus":[{"id":"7","code":"menu.examples-icon","uri":"/examples/icon","icon":"el-icon-date","comment":"图标","has":false,"type":"ROLE","owner":null,"subMenus":[]},{"id":"8","code":"menu.examples-button","uri":"/examples/button","icon":"el-icon-date","comment":"按钮","has":false,"type":"ROLE","owner":null,"subMenus":[]},{"id":"10","code":"menu.examples-notify","uri":"/examples/notify","icon":"el-icon-date","comment":"消息通知","has":false,"type":"ROLE","owner":null,"subMenus":[]},{"id":"11","code":"menu.examples-message-box","uri":"/examples/message-box","icon":"el-icon-date","comment":"弹窗","has":false,"type":"ROLE","owner":null,"subMenus":[]},{"id":"12","code":"menu.examples-dialog","uri":"/examples/dialog","icon":"el-icon-date","comment":"对话框","has":false,"type":"ROLE","owner":null,"subMenus":[]},{"id":"13","code":"menu.examples-scrolltotop","uri":"/examples/scrolltotop","icon":"el-icon-date","comment":"滚动到顶部","has":false,"type":"ROLE","owner":null,"subMenus":[]},{"id":"14","code":"menu.examples-drag-dialog","uri":"/examples/drag-dialog","icon":"el-icon-date","comment":"可拖动对话框","has":false,"type":"ROLE","owner":null,"subMenus":[]},{"id":"15","code":"menu.examples-tabs","uri":"/examples/tabs","icon":"el-icon-date","comment":"标签页","has":false,"type":"ROLE","owner":null,"subMenus":[]},{"id":"16","code":"menu.examples-form","uri":"/examples/form","icon":"el-icon-date","comment":"表单","has":false,"type":"ROLE","owner":null,"subMenus":[]}]},{"id":"1","code":"menu.home","uri":"/","icon":"el-icon-mobile-phone","comment":"控制台","has":false,"type":"ROLE","owner":null,"subMenus":[]},{"id":"17","code":"menu.base-ticket","uri":"/base-ticket","icon":"el-icon-tickets","comment":"基地票管理","has":false,"type":"ROLE","owner":null,"subMenus":[{"id":"18","code":"menu.base-ticket-inform-manage","uri":"/base-ticket-notice-manage","icon":"el-icon-tickets","comment":"基地票通知管理","has":false,"type":"ROLE","owner":null,"subMenus":[]},{"id":"19","code":"menu.base-ticket-print-manage","uri":"/base-ticket-print-manage","icon":"el-icon-tickets","comment":"基地票打印管理","has":false,"type":"ROLE","owner":null,"subMenus":[]},{"id":"20","code":"menu.base-ticket-issue-manage","uri":"/base-ticket-issue-manage","icon":"el-icon-tickets","comment":"基地票发放管理","has":false,"type":"ROLE","owner":null,"subMenus":[]}]},{"id":"21","code":"menu.ship-certificate-manage","uri":"/ship-certificate-manage","icon":"el-icon-tickets","comment":"乘船证管理","has":false,"type":"ROLE","owner":null,"subMenus":[{"id":"22","code":"menu.ship-certificate-apply-manage","uri":"/ship-certificate-apply-manage","icon":"el-icon-tickets","comment":"乘船证申请管理","has":false,"type":"ROLE","owner":null,"subMenus":[]},{"id":"23","code":"menu.ship-certificate-firsttrial","uri":"/ship-certificate-firsttrial","icon":"el-icon-tickets","comment":"乘船证初审","has":false,"type":"ROLE","owner":null,"subMenus":[]},{"id":"24","code":"menu.ship-certificate-sectrial","uri":"/ship-certificate-sectrial","icon":"el-icon-tickets","comment":"乘船证复审","has":false,"type":"ROLE","owner":null,"subMenus":[]}]},{"id":"25","code":"menu.take-ticket-manage","uri":"/take-ticket-manage","icon":"el-icon-tickets","comment":"乘船票管理","has":false,"type":"ROLE","owner":null,"subMenus":[{"id":"26","code":"menu.take-ticket-apply-manage","uri":"/take-ticket-apply-manage","icon":"el-icon-tickets","comment":"乘船票申请管理","has":false,"type":"ROLE","owner":null,"subMenus":[]},{"id":"27","code":"menu.take-ticket-firsttrial","uri":"/take-ticket-firsttrial","icon":"el-icon-tickets","comment":"乘船票初审","has":false,"type":"ROLE","owner":null,"subMenus":[]},{"id":"28","code":"menu.take-ticket-sectrial","uri":"/take-ticket-sectrial","icon":"el-icon-tickets","comment":"乘船票复审","has":false,"type":"ROLE","owner":null,"subMenus":[]}]},{"id":"29","code":"menu.ship-certificate-cancel","uri":"/ship-certificate-cancel","icon":"el-icon-tickets","comment":"乘船证注销","has":false,"type":"ROLE","owner":null,"subMenus":[{"id":"30","code":"menu.ship-certificate-cancel-manage","uri":"/ship-certificate-cancel-manage","icon":"el-icon-tickets","comment":"乘船证注销管理","has":false,"type":"ROLE","owner":null,"subMenus":[]}]},{"id":"31","code":"menu.roles","uri":"/roles","icon":"fa fa-user-circle-o","comment":"角色管理","has":false,"type":"ROLE","owner":null,"subMenus":[]}]
